2025-09-19T19:25:40.535661, 3.085, 65.2, 11661, 26.51, "{""Exti_pin_level"": ""Activity"", ""Work_mode"": ""PIR Sensor"", ""field1"": 3.085, ""field2"": 3, ""field3"": 65.2, ""field4"": 11661, ""field5"": 26.51}"
2025-09-19T19:25:40.535746, 3.085, 65.2, 11661, 26.51, "{""Exti_pin_level"": ""Activity"", ""Work_mode"": ""PIR Sensor"", ""field1"": 3.085, ""field2"": 3, ""field3"": 65.2, ""field4"": 11661, ""field5"": 26.51}"
2025-09-19T19:28:01.794111, 3.084, 64.9, 11672, 26.55, "{""Exti_pin_level"": ""Activity"", ""Work_mode"": ""PIR Sensor"", ""field1"": 3.084, ""field2"": 3, ""field3"": 64.9, ""field4"": 11672, ""field5"": 26.55}"
2025-09-19T19:28:01.794199, 3.084, 64.9, 11672, 26.55, "{""Exti_pin_level"": ""Activity"", ""Work_mode"": ""PIR Sensor"", ""field1"": 3.084, ""field2"": 3, ""field3"": 64.9, ""field4"": 11672, ""field5"": 26.55}"
2025-09-19T19:30:03.130219, 3.083, 64.5, 11685, 26.55, "{""Exti_pin_level"": ""Activity"", ""Work_mode"": ""PIR Sensor"", ""field1"": 3.083, ""field2"": 3, ""field3"": 64.5, ""field4"": 11685, ""field5"": 26.55}"
2025-09-19T19:30:03.130287, 3.083, 64.5, 11685, 26.55, "{""Exti_pin_level"": ""Activity"", ""Work_mode"": ""PIR Sensor"", ""field1"": 3.083, ""field2"": 3, ""field3"": 64.5, ""field4"": 11685, ""field5"": 26.55}"
2025-09-19T19:32:03.549530, 3.084, 64.8, 11695, 26.54, "{""Exti_pin_level"": ""Activity"", ""Work_mode"": ""PIR Sensor"", ""field1"": 3.084, ""field2"": 3, ""field3"": 64.8, ""field4"": 11695, ""field5"": 26.54}"
2025-09-19T19:32:03.551501, 3.084, 64.8, 11695, 26.54, "{""Exti_pin_level"": ""Activity"", ""Work_mode"": ""PIR Sensor"", ""field1"": 3.084, ""field2"": 3, ""field3"": 64.8, ""field4"": 11695, ""field5"": 26.54}"
2025-09-19T19:34:08.171763, 3.083, 64.9, 11720, 26.57, "{""Exti_pin_level"": ""Activity"", ""Work_mode"": ""PIR Sensor"", ""field1"": 3.083, ""field2"": 3, ""field3"": 64.9, ""field4"": 11720, ""field5"": 26.57}"
2025-09-19T19:34:08.171807, 3.083, 64.9, 11720, 26.57, "{""Exti_pin_level"": ""Activity"", ""Work_mode"": ""PIR Sensor"", ""field1"": 3.083, ""field2"": 3, ""field3"": 64.9, ""field4"": 11720, ""field5"": 26.57}"
2025-09-19T19:39:55.238641, 3.084, 65  , 11736, 26.62, "{""Exti_pin_level"": ""Activity"", ""Work_mode"": ""PIR Sensor"", ""field1"": 3.084, ""field2"": 3, ""field3"": 65, ""field4"": 11736, ""field5"": 26.62}"
2025-09-19T19:39:55.238626, 3.084, 65  , 11736, 26.62, "{""Exti_pin_level"": ""Activity"", ""Work_mode"": ""PIR Sensor"", ""field1"": 3.084, ""field2"": 3, ""field3"": 65, ""field4"": 11736, ""field5"": 26.62}"
2025-09-19T19:50:08.037359,3.084,64.9,11741,26.64,"{""Exti_pin_level"": ""Activity"", ""Work_mode"": ""PIR Sensor"", ""field1"": 3.084, ""field2"": 3, ""field3"": 64.9, ""field4"": 11741, ""field5"": 26.64}"
2025-09-19T19:50:08.037912,3.084,64.9,11741,26.64,"{""Exti_pin_level"": ""Activity"", ""Work_mode"": ""PIR Sensor"", ""field1"": 3.084, ""field2"": 3, ""field3"": 64.9, ""field4"": 11741, ""field5"": 26.64}"
2025-09-19T19:52:58.669049,3.083,65.3,11748,26.67,"{""Exti_pin_level"": ""No activity"", ""Work_mode"": ""PIR Sensor"", ""field1"": 3.083, ""field2"": 3, ""field3"": 65.3, ""field4"": 11748, ""field5"": 26.67}"
2025-09-19T19:52:58.669036,3.083,65.3,11748,26.67,"{""Exti_pin_level"": ""No activity"", ""Work_mode"": ""PIR Sensor"", ""field1"": 3.083, ""field2"": 3, ""field3"": 65.3, ""field4"": 11748, ""field5"": 26.67}"
2025-09-19T19:53:06.042868,3.083,65.3,11749,26.67,"{""Exti_pin_level"": ""Activity"", ""Work_mode"": ""PIR Sensor"", ""field1"": 3.083, ""field2"": 3, ""field3"": 65.3, ""field4"": 11749, ""field5"": 26.67}"
2025-09-19T19:53:06.042904,3.083,65.3,11749,26.67,"{""Exti_pin_level"": ""Activity"", ""Work_mode"": ""PIR Sensor"", ""field1"": 3.083, ""field2"": 3, ""field3"": 65.3, ""field4"": 11749, ""field5"": 26.67}"
2025-09-19T19:55:49.901727,3.084,65.6,11750,26.68,"{""Exti_pin_level"": ""Activity"", ""Work_mode"": ""PIR Sensor"", ""field1"": 3.084, ""field2"": 3, ""field3"": 65.6, ""field4"": 11750, ""field5"": 26.68}"
2025-09-19T19:55:49.901725,3.084,65.6,11750,26.68,"{""Exti_pin_level"": ""Activity"", ""Work_mode"": ""PIR Sensor"", ""field1"": 3.084, ""field2"": 3, ""field3"": 65.6, ""field4"": 11750, ""field5"": 26.68}"
2025-09-19T19:59:37.383134,3.083,65.8,11752,26.73,"{""Exti_pin_level"": ""Activity"", ""Work_mode"": ""PIR Sensor"", ""field1"": 3.083, ""field2"": 3, ""field3"": 65.8, ""field4"": 11752, ""field5"": 26.73}"
2025-09-19T19:59:37.383090,3.083,65.8,11752,26.73,"{""Exti_pin_level"": ""Activity"", ""Work_mode"": ""PIR Sensor"", ""field1"": 3.083, ""field2"": 3, ""field3"": 65.8, ""field4"": 11752, ""field5"": 26.73}"
2025-09-19T20:14:02.001227,3.084,65.5,11772,26.78,"{""Exti_pin_level"": ""Activity"", ""Work_mode"": ""PIR Sensor"", ""field1"": 3.084, ""field2"": 3, ""field3"": 65.5, ""field4"": 11772, ""field5"": 26.78}"
2025-09-19T20:14:02.001205,3.084,65.5,11772,26.78,"{""Exti_pin_level"": ""Activity"", ""Work_mode"": ""PIR Sensor"", ""field1"": 3.084, ""field2"": 3, ""field3"": 65.5, ""field4"": 11772, ""field5"": 26.78}"
2025-09-19T20:18:18.274200,3.084,65.5,11773,26.79,"{""Exti_pin_level"": ""Activity"", ""Work_mode"": ""PIR Sensor"", ""field1"": 3.084, ""field2"": 3, ""field3"": 65.5, ""field4"": 11773, ""field5"": 26.79}"
2025-09-19T20:18:18.274208,3.084,65.5,11773,26.79,"{""Exti_pin_level"": ""Activity"", ""Work_mode"": ""PIR Sensor"", ""field1"": 3.084, ""field2"": 3, ""field3"": 65.5, ""field4"": 11773, ""field5"": 26.79}"
2025-09-19T20:20:44.621971,3.085,65.5,11790,26.75,"{""Exti_pin_level"": ""Activity"", ""Work_mode"": ""PIR Sensor"", ""field1"": 3.085, ""field2"": 3, ""field3"": 65.5, ""field4"": 11790, ""field5"": 26.75}"
2025-09-19T20:20:44.621994,3.085,65.5,11790,26.75,"{""Exti_pin_level"": ""Activity"", ""Work_mode"": ""PIR Sensor"", ""field1"": 3.085, ""field2"": 3, ""field3"": 65.5, ""field4"": 11790, ""field5"": 26.75}"
2025-09-19T20:22:58.053695,3.085,65.5,11790,26.77,"{""Exti_pin_level"": ""No activity"", ""Work_mode"": ""PIR Sensor"", ""field1"": 3.085, ""field2"": 3, ""field3"": 65.5, ""field4"": 11790, ""field5"": 26.77}"
2025-09-19T20:22:58.053705,3.085,65.5,11790,26.77,"{""Exti_pin_level"": ""No activity"", ""Work_mode"": ""PIR Sensor"", ""field1"": 3.085, ""field2"": 3, ""field3"": 65.5, ""field4"": 11790, ""field5"": 26.77}"
2025-09-19T20:23:23.544214,3.083,65.5,11791,26.74,"{""Exti_pin_level"": ""Activity"", ""Work_mode"": ""PIR Sensor"", ""field1"": 3.083, ""field2"": 3, ""field3"": 65.5, ""field4"": 11791, ""field5"": 26.74}"
2025-09-19T20:23:23.544214,3.083,65.5,11791,26.74,"{""Exti_pin_level"": ""Activity"", ""Work_mode"": ""PIR Sensor"", ""field1"": 3.083, ""field2"": 3, ""field3"": 65.5, ""field4"": 11791, ""field5"": 26.74}"
2025-09-19T20:52:57.607116,3.084,65.3,11791,26.57,"{""Exti_pin_level"": ""No activity"", ""Work_mode"": ""PIR Sensor"", ""field1"": 3.084, ""field2"": 3, ""field3"": 65.3, ""field4"": 11791, ""field5"": 26.57}"
2025-09-19T20:52:57.607139,3.084,65.3,11791,26.57,"{""Exti_pin_level"": ""No activity"", ""Work_mode"": ""PIR Sensor"", ""field1"": 3.084, ""field2"": 3, ""field3"": 65.3, ""field4"": 11791, ""field5"": 26.57}"
2025-09-19T21:14:10.799653,3.085,65.7,11792,26.41,"{""Exti_pin_level"": ""Activity"", ""Work_mode"": ""PIR Sensor"", ""field1"": 3.085, ""field2"": 3, ""field3"": 65.7, ""field4"": 11792, ""field5"": 26.41}"
2025-09-19T21:14:10.799866,3.085,65.7,11792,26.41,"{""Exti_pin_level"": ""Activity"", ""Work_mode"": ""PIR Sensor"", ""field1"": 3.085, ""field2"": 3, ""field3"": 65.7, ""field4"": 11792, ""field5"": 26.41}"
2025-09-19T21:16:25.122946,3.083,65.8,11794,26.39,"{""Exti_pin_level"": ""Activity"", ""Work_mode"": ""PIR Sensor"", ""field1"": 3.083, ""field2"": 3, ""field3"": 65.8, ""field4"": 11794, ""field5"": 26.39}"
2025-09-19T21:16:25.124412,3.083,65.8,11794,26.39,"{""Exti_pin_level"": ""Activity"", ""Work_mode"": ""PIR Sensor"", ""field1"": 3.083, ""field2"": 3, ""field3"": 65.8, ""field4"": 11794, ""field5"": 26.39}"
2025-09-19T21:22:56.897599,3.084,66.2,11798,26.34,"{""Exti_pin_level"": ""No activity"", ""Work_mode"": ""PIR Sensor"", ""field1"": 3.084, ""field2"": 3, ""field3"": 66.2, ""field4"": 11798, ""field5"": 26.34}"
2025-09-19T21:22:56.897591,3.084,66.2,11798,26.34,"{""Exti_pin_level"": ""No activity"", ""Work_mode"": ""PIR Sensor"", ""field1"": 3.084, ""field2"": 3, ""field3"": 66.2, ""field4"": 11798, ""field5"": 26.34}"
2025-09-19T21:52:56.536136,3.084,66.4,11798,26.16,"{""Exti_pin_level"": ""No activity"", ""Work_mode"": ""PIR Sensor"", ""field1"": 3.084, ""field2"": 3, ""field3"": 66.4, ""field4"": 11798, ""field5"": 26.16}"
2025-09-19T21:52:56.536154,3.084,66.4,11798,26.16,"{""Exti_pin_level"": ""No activity"", ""Work_mode"": ""PIR Sensor"", ""field1"": 3.084, ""field2"": 3, ""field3"": 66.4, ""field4"": 11798, ""field5"": 26.16}"
2025-09-19T22:22:56.077121,3.084,66.7,11798,26.02,"{""Exti_pin_level"": ""No activity"", ""Work_mode"": ""PIR Sensor"", ""field1"": 3.084, ""field2"": 3, ""field3"": 66.7, ""field4"": 11798, ""field5"": 26.02}"
2025-09-19T22:22:56.077104,3.084,66.7,11798,26.02,"{""Exti_pin_level"": ""No activity"", ""Work_mode"": ""PIR Sensor"", ""field1"": 3.084, ""field2"": 3, ""field3"": 66.7, ""field4"": 11798, ""field5"": 26.02}"
2025-09-19T22:52:55.510194,3.084,66.3,11798,25.91,"{""Exti_pin_level"": ""No activity"", ""Work_mode"": ""PIR Sensor"", ""field1"": 3.084, ""field2"": 3, ""field3"": 66.3, ""field4"": 11798, ""field5"": 25.91}"
2025-09-19T22:52:55.510201,3.084,66.3,11798,25.91,"{""Exti_pin_level"": ""No activity"", ""Work_mode"": ""PIR Sensor"", ""field1"": 3.084, ""field2"": 3, ""field3"": 66.3, ""field4"": 11798, ""field5"": 25.91}"
2025-09-19T23:22:54.921350,3.085,67.2,11798,25.79,"{""Exti_pin_level"": ""No activity"", ""Work_mode"": ""PIR Sensor"", ""field1"": 3.085, ""field2"": 3, ""field3"": 67.2, ""field4"": 11798, ""field5"": 25.79}"
2025-09-19T23:22:54.922410,3.085,67.2,11798,25.79,"{""Exti_pin_level"": ""No activity"", ""Work_mode"": ""PIR Sensor"", ""field1"": 3.085, ""field2"": 3, ""field3"": 67.2, ""field4"": 11798, ""field5"": 25.79}"
2025-09-19T23:52:54.316183,3.085,66.3,11798,25.75,"{""Exti_pin_level"": ""No activity"", ""Work_mode"": ""PIR Sensor"", ""field1"": 3.085, ""field2"": 3, ""field3"": 66.3, ""field4"": 11798, ""field5"": 25.75}"
2025-09-19T23:52:54.316366,3.085,66.3,11798,25.75,"{""Exti_pin_level"": ""No activity"", ""Work_mode"": ""PIR Sensor"", ""field1"": 3.085, ""field2"": 3, ""field3"": 66.3, ""field4"": 11798, ""field5"": 25.75}"
2025-09-19T23:56:40.617399,3.085,66.3,11799,25.72,"{""Exti_pin_level"": ""Activity"", ""Work_mode"": ""PIR Sensor"", ""field1"": 3.085, ""field2"": 3, ""field3"": 66.3, ""field4"": 11799, ""field5"": 25.72}"
2025-09-19T23:56:40.618201,3.085,66.3,11799,25.72,"{""Exti_pin_level"": ""Activity"", ""Work_mode"": ""PIR Sensor"", ""field1"": 3.085, ""field2"": 3, ""field3"": 66.3, ""field4"": 11799, ""field5"": 25.72}"
2025-09-20T00:22:53.649402,3.085,66.5,11799,25.68,"{""Exti_pin_level"": ""No activity"", ""Work_mode"": ""PIR Sensor"", ""field1"": 3.085, ""field2"": 3, ""field3"": 66.5, ""field4"": 11799, ""field5"": 25.68}"
2025-09-20T00:22:53.649560,3.085,66.5,11799,25.68,"{""Exti_pin_level"": ""No activity"", ""Work_mode"": ""PIR Sensor"", ""field1"": 3.085, ""field2"": 3, ""field3"": 66.5, ""field4"": 11799, ""field5"": 25.68}"
2025-09-20T00:25:39.224034,3.085,66.2,11800,25.63,"{""Exti_pin_level"": ""Activity"", ""Work_mode"": ""PIR Sensor"", ""field1"": 3.085, ""field2"": 3, ""field3"": 66.2, ""field4"": 11800, ""field5"": 25.63}"
2025-09-20T00:25:39.224001,3.085,66.2,11800,25.63,"{""Exti_pin_level"": ""Activity"", ""Work_mode"": ""PIR Sensor"", ""field1"": 3.085, ""field2"": 3, ""field3"": 66.2, ""field4"": 11800, ""field5"": 25.63}"
2025-09-20T00:38:29.238112,3.084,66.3,11802,25.6,"{""Exti_pin_level"": ""Activity"", ""Work_mode"": ""PIR Sensor"", ""field1"": 3.084, ""field2"": 3, ""field3"": 66.3, ""field4"": 11802, ""field5"": 25.6}"
2025-09-20T00:38:29.238948,3.084,66.3,11802,25.6,"{""Exti_pin_level"": ""Activity"", ""Work_mode"": ""PIR Sensor"", ""field1"": 3.084, ""field2"": 3, ""field3"": 66.3, ""field4"": 11802, ""field5"": 25.6}"
2025-09-20T00:52:53.163154,3.083,66.5,11802,25.58,"{""Exti_pin_level"": ""No activity"", ""Work_mode"": ""PIR Sensor"", ""field1"": 3.083, ""field2"": 3, ""field3"": 66.5, ""field4"": 11802, ""field5"": 25.58}"
2025-09-20T00:52:53.166999,3.083,66.5,11802,25.58,"{""Exti_pin_level"": ""No activity"", ""Work_mode"": ""PIR Sensor"", ""field1"": 3.083, ""field2"": 3, ""field3"": 66.5, ""field4"": 11802, ""field5"": 25.58}"
2025-09-20T01:22:52.663695,3.085,66.2,11802,25.45,"{""Exti_pin_level"": ""No activity"", ""Work_mode"": ""PIR Sensor"", ""field1"": 3.085, ""field2"": 3, ""field3"": 66.2, ""field4"": 11802, ""field5"": 25.45}"
2025-09-20T01:22:52.663662,3.085,66.2,11802,25.45,"{""Exti_pin_level"": ""No activity"", ""Work_mode"": ""PIR Sensor"", ""field1"": 3.085, ""field2"": 3, ""field3"": 66.2, ""field4"": 11802, ""field5"": 25.45}"
2025-09-20T01:52:52.310088,3.083,65.8,11802,25.4,"{""Exti_pin_level"": ""No activity"", ""Work_mode"": ""PIR Sensor"", ""field1"": 3.083, ""field2"": 3, ""field3"": 65.8, ""field4"": 11802, ""field5"": 25.4}"
2025-09-20T01:52:52.309565,3.083,65.8,11802,25.4,"{""Exti_pin_level"": ""No activity"", ""Work_mode"": ""PIR Sensor"", ""field1"": 3.083, ""field2"": 3, ""field3"": 65.8, ""field4"": 11802, ""field5"": 25.4}"
2025-09-20T01:57:08.824051,3.085,65.2,11803,25.36,"{""Exti_pin_level"": ""Activity"", ""Work_mode"": ""PIR Sensor"", ""field1"": 3.085, ""field2"": 3, ""field3"": 65.2, ""field4"": 11803, ""field5"": 25.36}"
2025-09-20T01:57:08.823964,3.085,65.2,11803,25.36,"{""Exti_pin_level"": ""Activity"", ""Work_mode"": ""PIR Sensor"", ""field1"": 3.085, ""field2"": 3, ""field3"": 65.2, ""field4"": 11803, ""field5"": 25.36}"
2025-09-20T02:03:29.987168,3.084,65.1,11804,25.34,"{""Exti_pin_level"": ""Activity"", ""Work_mode"": ""PIR Sensor"", ""field1"": 3.084, ""field2"": 3, ""field3"": 65.1, ""field4"": 11804, ""field5"": 25.34}"
2025-09-20T02:03:29.987279,3.084,65.1,11804,25.34,"{""Exti_pin_level"": ""Activity"", ""Work_mode"": ""PIR Sensor"", ""field1"": 3.084, ""field2"": 3, ""field3"": 65.1, ""field4"": 11804, ""field5"": 25.34}"
2025-09-20T02:22:51.723332,3.084,64.8,11804,25.3,"{""Exti_pin_level"": ""No activity"", ""Work_mode"": ""PIR Sensor"", ""field1"": 3.084, ""field2"": 3, ""field3"": 64.8, ""field4"": 11804, ""field5"": 25.3}"
2025-09-20T02:22:51.725579,3.084,64.8,11804,25.3,"{""Exti_pin_level"": ""No activity"", ""Work_mode"": ""PIR Sensor"", ""field1"": 3.084, ""field2"": 3, ""field3"": 64.8, ""field4"": 11804, ""field5"": 25.3}"
2025-09-20T02:25:48.483753,3.085,65,11805,25.29,"{""Exti_pin_level"": ""Activity"", ""Work_mode"": ""PIR Sensor"", ""field1"": 3.085, ""field2"": 3, ""field3"": 65, ""field4"": 11805, ""field5"": 25.29}"
2025-09-20T02:25:48.486479,3.085,65,11805,25.29,"{""Exti_pin_level"": ""Activity"", ""Work_mode"": ""PIR Sensor"", ""field1"": 3.085, ""field2"": 3, ""field3"": 65, ""field4"": 11805, ""field5"": 25.29}"
2025-09-20T02:36:36.001191,3.085,65.1,11813,25.26,"{""Exti_pin_level"": ""Activity"", ""Work_mode"": ""PIR Sensor"", ""field1"": 3.085, ""field2"": 3, ""field3"": 65.1, ""field4"": 11813, ""field5"": 25.26}"
2025-09-20T02:36:36.001945,3.085,65.1,11813,25.26,"{""Exti_pin_level"": ""Activity"", ""Work_mode"": ""PIR Sensor"", ""field1"": 3.085, ""field2"": 3, ""field3"": 65.1, ""field4"": 11813, ""field5"": 25.26}"
2025-09-20T02:43:38.391679,3.085,65.2,11816,25.27,"{""Exti_pin_level"": ""Activity"", ""Work_mode"": ""PIR Sensor"", ""field1"": 3.085, ""field2"": 3, ""field3"": 65.2, ""field4"": 11816, ""field5"": 25.27}"
2025-09-20T02:43:38.391679,3.085,65.2,11816,25.27,"{""Exti_pin_level"": ""Activity"", ""Work_mode"": ""PIR Sensor"", ""field1"": 3.085, ""field2"": 3, ""field3"": 65.2, ""field4"": 11816, ""field5"": 25.27}"
2025-09-20T02:52:30.822645,3.085,64.9,11817,25.24,"{""Exti_pin_level"": ""Activity"", ""Work_mode"": ""PIR Sensor"", ""field1"": 3.085, ""field2"": 3, ""field3"": 64.9, ""field4"": 11817, ""field5"": 25.24}"
2025-09-20T02:52:30.822609,3.085,64.9,11817,25.24,"{""Exti_pin_level"": ""Activity"", ""Work_mode"": ""PIR Sensor"", ""field1"": 3.085, ""field2"": 3, ""field3"": 64.9, ""field4"": 11817, ""field5"": 25.24}"
2025-09-20T02:52:51.302424,3.086,64.9,11818,25.26,"{""Exti_pin_level"": ""No activity"", ""Work_mode"": ""PIR Sensor"", ""field1"": 3.086, ""field2"": 3, ""field3"": 64.9, ""field4"": 11818, ""field5"": 25.26}"
2025-09-20T02:52:51.302417,3.086,64.9,11818,25.26,"{""Exti_pin_level"": ""No activity"", ""Work_mode"": ""PIR Sensor"", ""field1"": 3.086, ""field2"": 3, ""field3"": 64.9, ""field4"": 11818, ""field5"": 25.26}"
2025-09-20T02:54:39.951524,3.086,65.2,11826,25.24,"{""Exti_pin_level"": ""Activity"", ""Work_mode"": ""PIR Sensor"", ""field1"": 3.086, ""field2"": 3, ""field3"": 65.2, ""field4"": 11826, ""field5"": 25.24}"
2025-09-20T02:54:39.951513,3.086,65.2,11826,25.24,"{""Exti_pin_level"": ""Activity"", ""Work_mode"": ""PIR Sensor"", ""field1"": 3.086, ""field2"": 3, ""field3"": 65.2, ""field4"": 11826, ""field5"": 25.24}"
2025-09-20T02:57:36.722640,3.083,65.1,11829,25.23,"{""Exti_pin_level"": ""Activity"", ""Work_mode"": ""PIR Sensor"", ""field1"": 3.083, ""field2"": 3, ""field3"": 65.1, ""field4"": 11829, ""field5"": 25.23}"
2025-09-20T02:57:36.722733,3.083,65.1,11829,25.23,"{""Exti_pin_level"": ""Activity"", ""Work_mode"": ""PIR Sensor"", ""field1"": 3.083, ""field2"": 3, ""field3"": 65.1, ""field4"": 11829, ""field5"": 25.23}"
2025-09-20T03:22:50.859060,3.084,65.1,11838,25.21,"{""Exti_pin_level"": ""No activity"", ""Work_mode"": ""PIR Sensor"", ""field1"": 3.084, ""field2"": 3, ""field3"": 65.1, ""field4"": 11838, ""field5"": 25.21}"
2025-09-20T03:22:50.859053,3.084,65.1,11838,25.21,"{""Exti_pin_level"": ""No activity"", ""Work_mode"": ""PIR Sensor"", ""field1"": 3.084, ""field2"": 3, ""field3"": 65.1, ""field4"": 11838, ""field5"": 25.21}"
2025-09-20T03:43:32.085415,3.085,65,11839,25.16,"{""Exti_pin_level"": ""Activity"", ""Work_mode"": ""PIR Sensor"", ""field1"": 3.085, ""field2"": 3, ""field3"": 65, ""field4"": 11839, ""field5"": 25.16}"
2025-09-20T03:43:32.085427,3.085,65,11839,25.16,"{""Exti_pin_level"": ""Activity"", ""Work_mode"": ""PIR Sensor"", ""field1"": 3.085, ""field2"": 3, ""field3"": 65, ""field4"": 11839, ""field5"": 25.16}"
2025-09-20T03:52:44.757961,3.083,65.4,11847,25.1,"{""Exti_pin_level"": ""Activity"", ""Work_mode"": ""PIR Sensor"", ""field1"": 3.083, ""field2"": 3, ""field3"": 65.4, ""field4"": 11847, ""field5"": 25.1}"
2025-09-20T03:52:44.758056,3.083,65.4,11847,25.1,"{""Exti_pin_level"": ""Activity"", ""Work_mode"": ""PIR Sensor"", ""field1"": 3.083, ""field2"": 3, ""field3"": 65.4, ""field4"": 11847, ""field5"": 25.1}"
2025-09-20T03:52:51.825791,3.084,65.3,11848,25.12,"{""Exti_pin_level"": ""No activity"", ""Work_mode"": ""PIR Sensor"", ""field1"": 3.084, ""field2"": 3, ""field3"": 65.3, ""field4"": 11848, ""field5"": 25.12}"
2025-09-20T03:52:51.825710,3.084,65.3,11848,25.12,"{""Exti_pin_level"": ""No activity"", ""Work_mode"": ""PIR Sensor"", ""field1"": 3.084, ""field2"": 3, ""field3"": 65.3, ""field4"": 11848, ""field5"": 25.12}"
2025-09-20T04:00:41.129361,3.085,64.7,11849,24.81,"{""Exti_pin_level"": ""Activity"", ""Work_mode"": ""PIR Sensor"", ""field1"": 3.085, ""field2"": 3, ""field3"": 64.7, ""field4"": 11849, ""field5"": 24.81}"
2025-09-20T04:00:41.129802,3.085,64.7,11849,24.81,"{""Exti_pin_level"": ""Activity"", ""Work_mode"": ""PIR Sensor"", ""field1"": 3.085, ""field2"": 3, ""field3"": 64.7, ""field4"": 11849, ""field5"": 24.81}"
2025-09-20T04:02:42.066242,3.085,65.1,11859,24.74,"{""Exti_pin_level"": ""Activity"", ""Work_mode"": ""PIR Sensor"", ""field1"": 3.085, ""field2"": 3, ""field3"": 65.1, ""field4"": 11859, ""field5"": 24.74}"
2025-09-20T04:02:42.066287,3.085,65.1,11859,24.74,"{""Exti_pin_level"": ""Activity"", ""Work_mode"": ""PIR Sensor"", ""field1"": 3.085, ""field2"": 3, ""field3"": 65.1, ""field4"": 11859, ""field5"": 24.74}"
2025-09-20T04:05:24.989277,3.085,65.5,11861,24.66,"{""Exti_pin_level"": ""Activity"", ""Work_mode"": ""PIR Sensor"", ""field1"": 3.085, ""field2"": 3, ""field3"": 65.5, ""field4"": 11861, ""field5"": 24.66}"
2025-09-20T04:05:24.989277,3.085,65.5,11861,24.66,"{""Exti_pin_level"": ""Activity"", ""Work_mode"": ""PIR Sensor"", ""field1"": 3.085, ""field2"": 3, ""field3"": 65.5, ""field4"": 11861, ""field5"": 24.66}"
2025-09-20T04:09:08.556688,3.086,66,11863,24.58,"{""Exti_pin_level"": ""Activity"", ""Work_mode"": ""PIR Sensor"", ""field1"": 3.086, ""field2"": 3, ""field3"": 66, ""field4"": 11863, ""field5"": 24.58}"
2025-09-20T04:09:08.558110,3.086,66,11863,24.58,"{""Exti_pin_level"": ""Activity"", ""Work_mode"": ""PIR Sensor"", ""field1"": 3.086, ""field2"": 3, ""field3"": 66, ""field4"": 11863, ""field5"": 24.58}"
2025-09-20T04:17:09.611568,3.084,66.3,11866,24.66,"{""Exti_pin_level"": ""Activity"", ""Work_mode"": ""PIR Sensor"", ""field1"": 3.084, ""field2"": 3, ""field3"": 66.3, ""field4"": 11866, ""field5"": 24.66}"
2025-09-20T04:17:09.611500,3.084,66.3,11866,24.66,"{""Exti_pin_level"": ""Activity"", ""Work_mode"": ""PIR Sensor"", ""field1"": 3.084, ""field2"": 3, ""field3"": 66.3, ""field4"": 11866, ""field5"": 24.66}"
2025-09-20T04:22:22.290951,3.085,66.3,11867,24.69,"{""Exti_pin_level"": ""Activity"", ""Work_mode"": ""PIR Sensor"", ""field1"": 3.085, ""field2"": 3, ""field3"": 66.3, ""field4"": 11867, ""field5"": 24.69}"
2025-09-20T04:22:22.291480,3.085,66.3,11867,24.69,"{""Exti_pin_level"": ""Activity"", ""Work_mode"": ""PIR Sensor"", ""field1"": 3.085, ""field2"": 3, ""field3"": 66.3, ""field4"": 11867, ""field5"": 24.69}"
2025-09-20T04:22:49.909343,3.085,66.2,11867,24.69,"{""Exti_pin_level"": ""No activity"", ""Work_mode"": ""PIR Sensor"", ""field1"": 3.085, ""field2"": 3, ""field3"": 66.2, ""field4"": 11867, ""field5"": 24.69}"
2025-09-20T04:22:49.912353,3.085,66.2,11867,24.69,"{""Exti_pin_level"": ""No activity"", ""Work_mode"": ""PIR Sensor"", ""field1"": 3.085, ""field2"": 3, ""field3"": 66.2, ""field4"": 11867, ""field5"": 24.69}"
2025-09-20T04:25:03.738268,3.084,66.3,11868,24.72,"{""Exti_pin_level"": ""Activity"", ""Work_mode"": ""PIR Sensor"", ""field1"": 3.084, ""field2"": 3, ""field3"": 66.3, ""field4"": 11868, ""field5"": 24.72}"
2025-09-20T04:25:03.738325,3.084,66.3,11868,24.72,"{""Exti_pin_level"": ""Activity"", ""Work_mode"": ""PIR Sensor"", ""field1"": 3.084, ""field2"": 3, ""field3"": 66.3, ""field4"": 11868, ""field5"": 24.72}"
2025-09-20T04:27:08.955527,3.085,66.5,11890,24.74,"{""Exti_pin_level"": ""Activity"", ""Work_mode"": ""PIR Sensor"", ""field1"": 3.085, ""field2"": 3, ""field3"": 66.5, ""field4"": 11890, ""field5"": 24.74}"
2025-09-20T04:27:08.955356,3.085,66.5,11890,24.74,"{""Exti_pin_level"": ""Activity"", ""Work_mode"": ""PIR Sensor"", ""field1"": 3.085, ""field2"": 3, ""field3"": 66.5, ""field4"": 11890, ""field5"": 24.74}"
2025-09-20T04:29:38.466835,3.085,66.8,11892,24.75,"{""Exti_pin_level"": ""Activity"", ""Work_mode"": ""PIR Sensor"", ""field1"": 3.085, ""field2"": 3, ""field3"": 66.8, ""field4"": 11892, ""field5"": 24.75}"
2025-09-20T04:29:38.466815,3.085,66.8,11892,24.75,"{""Exti_pin_level"": ""Activity"", ""Work_mode"": ""PIR Sensor"", ""field1"": 3.085, ""field2"": 3, ""field3"": 66.8, ""field4"": 11892, ""field5"": 24.75}"
2025-09-20T04:33:04.620126,3.087,66.8,11899,24.78,"{""Exti_pin_level"": ""Activity"", ""Work_mode"": ""PIR Sensor"", ""field1"": 3.087, ""field2"": 3, ""field3"": 66.8, ""field4"": 11899, ""field5"": 24.78}"
2025-09-20T04:33:04.619919,3.087,66.8,11899,24.78,"{""Exti_pin_level"": ""Activity"", ""Work_mode"": ""PIR Sensor"", ""field1"": 3.087, ""field2"": 3, ""field3"": 66.8, ""field4"": 11899, ""field5"": 24.78}"
2025-09-20T04:35:04.695510,3.086,66.7,11906,24.78,"{""Exti_pin_level"": ""Activity"", ""Work_mode"": ""PIR Sensor"", ""field1"": 3.086, ""field2"": 3, ""field3"": 66.7, ""field4"": 11906, ""field5"": 24.78}"
2025-09-20T04:35:04.695609,3.086,66.7,11906,24.78,"{""Exti_pin_level"": ""Activity"", ""Work_mode"": ""PIR Sensor"", ""field1"": 3.086, ""field2"": 3, ""field3"": 66.7, ""field4"": 11906, ""field5"": 24.78}"
2025-09-20T04:37:17.538833,3.084,66.8,11924,24.76,"{""Exti_pin_level"": ""Activity"", ""Work_mode"": ""PIR Sensor"", ""field1"": 3.084, ""field2"": 3, ""field3"": 66.8, ""field4"": 11924, ""field5"": 24.76}"
2025-09-20T04:37:17.538812,3.084,66.8,11924,24.76,"{""Exti_pin_level"": ""Activity"", ""Work_mode"": ""PIR Sensor"", ""field1"": 3.084, ""field2"": 3, ""field3"": 66.8, ""field4"": 11924, ""field5"": 24.76}"
2025-09-20T04:39:40.442602,3.085,66.9,11935,24.76,"{""Exti_pin_level"": ""Activity"", ""Work_mode"": ""PIR Sensor"", ""field1"": 3.085, ""field2"": 3, ""field3"": 66.9, ""field4"": 11935, ""field5"": 24.76}"
2025-09-20T04:39:40.442473,3.085,66.9,11935,24.76,"{""Exti_pin_level"": ""Activity"", ""Work_mode"": ""PIR Sensor"", ""field1"": 3.085, ""field2"": 3, ""field3"": 66.9, ""field4"": 11935, ""field5"": 24.76}"
2025-09-20T04:41:53.761996,3.086,66.8,11947,24.76,"{""Exti_pin_level"": ""Activity"", ""Work_mode"": ""PIR Sensor"", ""field1"": 3.086, ""field2"": 3, ""field3"": 66.8, ""field4"": 11947, ""field5"": 24.76}"
2025-09-20T04:41:53.762019,3.086,66.8,11947,24.76,"{""Exti_pin_level"": ""Activity"", ""Work_mode"": ""PIR Sensor"", ""field1"": 3.086, ""field2"": 3, ""field3"": 66.8, ""field4"": 11947, ""field5"": 24.76}"
2025-09-20T04:47:08.554729,3.084,66.7,11960,24.75,"{""Exti_pin_level"": ""Activity"", ""Work_mode"": ""PIR Sensor"", ""field1"": 3.084, ""field2"": 3, ""field3"": 66.7, ""field4"": 11960, ""field5"": 24.75}"
2025-09-20T04:47:08.554738,3.084,66.7,11960,24.75,"{""Exti_pin_level"": ""Activity"", ""Work_mode"": ""PIR Sensor"", ""field1"": 3.084, ""field2"": 3, ""field3"": 66.7, ""field4"": 11960, ""field5"": 24.75}"
2025-09-20T04:49:11.065827,3.085,66.7,11961,24.81,"{""Exti_pin_level"": ""Activity"", ""Work_mode"": ""PIR Sensor"", ""field1"": 3.085, ""field2"": 3, ""field3"": 66.7, ""field4"": 11961, ""field5"": 24.81}"
2025-09-20T04:49:11.065804,3.085,66.7,11961,24.81,"{""Exti_pin_level"": ""Activity"", ""Work_mode"": ""PIR Sensor"", ""field1"": 3.085, ""field2"": 3, ""field3"": 66.7, ""field4"": 11961, ""field5"": 24.81}"
2025-09-20T04:51:13.744797,3.084,66.5,11969,24.78,"{""Exti_pin_level"": ""Activity"", ""Work_mode"": ""PIR Sensor"", ""field1"": 3.084, ""field2"": 3, ""field3"": 66.5, ""field4"": 11969, ""field5"": 24.78}"
2025-09-20T04:51:13.744837,3.084,66.5,11969,24.78,"{""Exti_pin_level"": ""Activity"", ""Work_mode"": ""PIR Sensor"", ""field1"": 3.084, ""field2"": 3, ""field3"": 66.5, ""field4"": 11969, ""field5"": 24.78}"
2025-09-20T04:52:49.336043,3.085,66.6,11977,24.79,"{""Exti_pin_level"": ""No activity"", ""Work_mode"": ""PIR Sensor"", ""field1"": 3.085, ""field2"": 3, ""field3"": 66.6, ""field4"": 11977, ""field5"": 24.79}"
2025-09-20T04:52:49.336781,3.085,66.6,11977,24.79,"{""Exti_pin_level"": ""No activity"", ""Work_mode"": ""PIR Sensor"", ""field1"": 3.085, ""field2"": 3, ""field3"": 66.6, ""field4"": 11977, ""field5"": 24.79}"
2025-09-20T04:53:23.897407,3.084,66.5,11979,24.76,"{""Exti_pin_level"": ""Activity"", ""Work_mode"": ""PIR Sensor"", ""field1"": 3.084, ""field2"": 3, ""field3"": 66.5, ""field4"": 11979, ""field5"": 24.76}"
2025-09-20T04:53:23.897500,3.084,66.5,11979,24.76,"{""Exti_pin_level"": ""Activity"", ""Work_mode"": ""PIR Sensor"", ""field1"": 3.084, ""field2"": 3, ""field3"": 66.5, ""field4"": 11979, ""field5"": 24.76}"
2025-09-20T05:00:31.197756,3.085,66.4,11987,24.76,"{""Exti_pin_level"": ""Activity"", ""Work_mode"": ""PIR Sensor"", ""field1"": 3.085, ""field2"": 3, ""field3"": 66.4, ""field4"": 11987, ""field5"": 24.76}"
2025-09-20T05:00:31.197884,3.085,66.4,11987,24.76,"{""Exti_pin_level"": ""Activity"", ""Work_mode"": ""PIR Sensor"", ""field1"": 3.085, ""field2"": 3, ""field3"": 66.4, ""field4"": 11987, ""field5"": 24.76}"
2025-09-20T05:02:57.121783,3.083,66.4,11997,24.78,"{""Exti_pin_level"": ""Activity"", ""Work_mode"": ""PIR Sensor"", ""field1"": 3.083, ""field2"": 3, ""field3"": 66.4, ""field4"": 11997, ""field5"": 24.78}"
2025-09-20T05:02:57.121851,3.083,66.4,11997,24.78,"{""Exti_pin_level"": ""Activity"", ""Work_mode"": ""PIR Sensor"", ""field1"": 3.083, ""field2"": 3, ""field3"": 66.4, ""field4"": 11997, ""field5"": 24.78}"
2025-09-20T05:05:11.859077,3.085,66.5,12009,24.78,"{""Exti_pin_level"": ""Activity"", ""Work_mode"": ""PIR Sensor"", ""field1"": 3.085, ""field2"": 3, ""field3"": 66.5, ""field4"": 12009, ""field5"": 24.78}"
2025-09-20T05:05:11.858966,3.085,66.5,12009,24.78,"{""Exti_pin_level"": ""Activity"", ""Work_mode"": ""PIR Sensor"", ""field1"": 3.085, ""field2"": 3, ""field3"": 66.5, ""field4"": 12009, ""field5"": 24.78}"
2025-09-20T05:08:40.183113,3.085,66.4,12013,24.79,"{""Exti_pin_level"": ""Activity"", ""Work_mode"": ""PIR Sensor"", ""field1"": 3.085, ""field2"": 3, ""field3"": 66.4, ""field4"": 12013, ""field5"": 24.79}"
2025-09-20T05:08:40.183140,3.085,66.4,12013,24.79,"{""Exti_pin_level"": ""Activity"", ""Work_mode"": ""PIR Sensor"", ""field1"": 3.085, ""field2"": 3, ""field3"": 66.4, ""field4"": 12013, ""field5"": 24.79}"
2025-09-20T05:10:42.084431,3.085,66.5,12030,24.79,"{""Exti_pin_level"": ""Activity"", ""Work_mode"": ""PIR Sensor"", ""field1"": 3.085, ""field2"": 3, ""field3"": 66.5, ""field4"": 12030, ""field5"": 24.79}"
2025-09-20T05:10:42.085833,3.085,66.5,12030,24.79,"{""Exti_pin_level"": ""Activity"", ""Work_mode"": ""PIR Sensor"", ""field1"": 3.085, ""field2"": 3, ""field3"": 66.5, ""field4"": 12030, ""field5"": 24.79}"
2025-09-20T05:13:18.881797,3.085,66.8,12034,24.83,"{""Exti_pin_level"": ""Activity"", ""Work_mode"": ""PIR Sensor"", ""field1"": 3.085, ""field2"": 3, ""field3"": 66.8, ""field4"": 12034, ""field5"": 24.83}"
2025-09-20T05:13:18.881250,3.085,66.8,12034,24.83,"{""Exti_pin_level"": ""Activity"", ""Work_mode"": ""PIR Sensor"", ""field1"": 3.085, ""field2"": 3, ""field3"": 66.8, ""field4"": 12034, ""field5"": 24.83}"
2025-09-20T05:19:57.176939,3.084,67.1,12053,24.83,"{""Exti_pin_level"": ""Activity"", ""Work_mode"": ""PIR Sensor"", ""field1"": 3.084, ""field2"": 3, ""field3"": 67.1, ""field4"": 12053, ""field5"": 24.83}"
2025-09-20T05:19:57.176907,3.084,67.1,12053,24.83,"{""Exti_pin_level"": ""Activity"", ""Work_mode"": ""PIR Sensor"", ""field1"": 3.084, ""field2"": 3, ""field3"": 67.1, ""field4"": 12053, ""field5"": 24.83}"
2025-09-20T05:22:07.734264,3.084,67.3,12064,24.89,"{""Exti_pin_level"": ""Activity"", ""Work_mode"": ""PIR Sensor"", ""field1"": 3.084, ""field2"": 3, ""field3"": 67.3, ""field4"": 12064, ""field5"": 24.89}"
2025-09-20T05:22:07.733594,3.084,67.3,12064,24.89,"{""Exti_pin_level"": ""Activity"", ""Work_mode"": ""PIR Sensor"", ""field1"": 3.084, ""field2"": 3, ""field3"": 67.3, ""field4"": 12064, ""field5"": 24.89}"
2025-09-20T05:22:48.772604,3.083,67.2,12066,24.89,"{""Exti_pin_level"": ""No activity"", ""Work_mode"": ""PIR Sensor"", ""field1"": 3.083, ""field2"": 3, ""field3"": 67.2, ""field4"": 12066, ""field5"": 24.89}"
2025-09-20T05:22:48.772604,3.083,67.2,12066,24.89,"{""Exti_pin_level"": ""No activity"", ""Work_mode"": ""PIR Sensor"", ""field1"": 3.083, ""field2"": 3, ""field3"": 67.2, ""field4"": 12066, ""field5"": 24.89}"
2025-09-20T05:24:54.925967,3.083,67.1,12069,24.9,"{""Exti_pin_level"": ""Activity"", ""Work_mode"": ""PIR Sensor"", ""field1"": 3.083, ""field2"": 3, ""field3"": 67.1, ""field4"": 12069, ""field5"": 24.9}"
2025-09-20T05:24:54.925458,3.083,67.1,12069,24.9,"{""Exti_pin_level"": ""Activity"", ""Work_mode"": ""PIR Sensor"", ""field1"": 3.083, ""field2"": 3, ""field3"": 67.1, ""field4"": 12069, ""field5"": 24.9}"
2025-09-20T05:30:41.804459,3.084,67.3,12077,24.93,"{""Exti_pin_level"": ""Activity"", ""Work_mode"": ""PIR Sensor"", ""field1"": 3.084, ""field2"": 3, ""field3"": 67.3, ""field4"": 12077, ""field5"": 24.93}"
2025-09-20T05:30:41.804486,3.084,67.3,12077,24.93,"{""Exti_pin_level"": ""Activity"", ""Work_mode"": ""PIR Sensor"", ""field1"": 3.084, ""field2"": 3, ""field3"": 67.3, ""field4"": 12077, ""field5"": 24.93}"
2025-09-20T05:32:42.501166,3.084,67.2,12092,24.96,"{""Exti_pin_level"": ""Activity"", ""Work_mode"": ""PIR Sensor"", ""field1"": 3.084, ""field2"": 3, ""field3"": 67.2, ""field4"": 12092, ""field5"": 24.96}"
2025-09-20T05:32:42.503907,3.084,67.2,12092,24.96,"{""Exti_pin_level"": ""Activity"", ""Work_mode"": ""PIR Sensor"", ""field1"": 3.084, ""field2"": 3, ""field3"": 67.2, ""field4"": 12092, ""field5"": 24.96}"
2025-09-20T05:34:56.208687,3.086,67.2,12106,24.97,"{""Exti_pin_level"": ""Activity"", ""Work_mode"": ""PIR Sensor"", ""field1"": 3.086, ""field2"": 3, ""field3"": 67.2, ""field4"": 12106, ""field5"": 24.97}"
2025-09-20T05:34:56.208686,3.086,67.2,12106,24.97,"{""Exti_pin_level"": ""Activity"", ""Work_mode"": ""PIR Sensor"", ""field1"": 3.086, ""field2"": 3, ""field3"": 67.2, ""field4"": 12106, ""field5"": 24.97}"
2025-09-20T05:37:02.310641,3.086,67.3,12115,25.02,"{""Exti_pin_level"": ""Activity"", ""Work_mode"": ""PIR Sensor"", ""field1"": 3.086, ""field2"": 3, ""field3"": 67.3, ""field4"": 12115, ""field5"": 25.02}"
2025-09-20T05:37:02.310753,3.086,67.3,12115,25.02,"{""Exti_pin_level"": ""Activity"", ""Work_mode"": ""PIR Sensor"", ""field1"": 3.086, ""field2"": 3, ""field3"": 67.3, ""field4"": 12115, ""field5"": 25.02}"
2025-09-20T05:39:06.920814,3.083,67.2,12130,25.03,"{""Exti_pin_level"": ""Activity"", ""Work_mode"": ""PIR Sensor"", ""field1"": 3.083, ""field2"": 3, ""field3"": 67.2, ""field4"": 12130, ""field5"": 25.03}"
2025-09-20T05:39:06.921721,3.083,67.2,12130,25.03,"{""Exti_pin_level"": ""Activity"", ""Work_mode"": ""PIR Sensor"", ""field1"": 3.083, ""field2"": 3, ""field3"": 67.2, ""field4"": 12130, ""field5"": 25.03}"
2025-09-20T05:41:08.447177,3.085,67.3,12144,25.08,"{""Exti_pin_level"": ""Activity"", ""Work_mode"": ""PIR Sensor"", ""field1"": 3.085, ""field2"": 3, ""field3"": 67.3, ""field4"": 12144, ""field5"": 25.08}"
2025-09-20T05:41:08.447197,3.085,67.3,12144,25.08,"{""Exti_pin_level"": ""Activity"", ""Work_mode"": ""PIR Sensor"", ""field1"": 3.085, ""field2"": 3, ""field3"": 67.3, ""field4"": 12144, ""field5"": 25.08}"
2025-09-20T05:43:17.859507,3.084,67.3,12157,25.1,"{""Exti_pin_level"": ""Activity"", ""Work_mode"": ""PIR Sensor"", ""field1"": 3.084, ""field2"": 3, ""field3"": 67.3, ""field4"": 12157, ""field5"": 25.1}"
2025-09-20T05:43:17.859502,3.084,67.3,12157,25.1,"{""Exti_pin_level"": ""Activity"", ""Work_mode"": ""PIR Sensor"", ""field1"": 3.084, ""field2"": 3, ""field3"": 67.3, ""field4"": 12157, ""field5"": 25.1}"
2025-09-20T05:45:25.168737,3.083,67.3,12172,25.12,"{""Exti_pin_level"": ""Activity"", ""Work_mode"": ""PIR Sensor"", ""field1"": 3.083, ""field2"": 3, ""field3"": 67.3, ""field4"": 12172, ""field5"": 25.12}"
2025-09-20T05:45:25.168727,3.083,67.3,12172,25.12,"{""Exti_pin_level"": ""Activity"", ""Work_mode"": ""PIR Sensor"", ""field1"": 3.083, ""field2"": 3, ""field3"": 67.3, ""field4"": 12172, ""field5"": 25.12}"
2025-09-20T05:47:26.056354,3.082,67.3,12184,25.14,"{""Exti_pin_level"": ""Activity"", ""Work_mode"": ""PIR Sensor"", ""field1"": 3.082, ""field2"": 3, ""field3"": 67.3, ""field4"": 12184, ""field5"": 25.14}"
2025-09-20T05:47:26.056178,3.082,67.3,12184,25.14,"{""Exti_pin_level"": ""Activity"", ""Work_mode"": ""PIR Sensor"", ""field1"": 3.082, ""field2"": 3, ""field3"": 67.3, ""field4"": 12184, ""field5"": 25.14}"
2025-09-20T05:50:53.145605,3.083,67.6,12188,25.2,"{""Exti_pin_level"": ""Activity"", ""Work_mode"": ""PIR Sensor"", ""field1"": 3.083, ""field2"": 3, ""field3"": 67.6, ""field4"": 12188, ""field5"": 25.2}"
2025-09-20T05:50:53.145605,3.083,67.6,12188,25.2,"{""Exti_pin_level"": ""Activity"", ""Work_mode"": ""PIR Sensor"", ""field1"": 3.083, ""field2"": 3, ""field3"": 67.6, ""field4"": 12188, ""field5"": 25.2}"
2025-09-20T05:52:48.036159,3.084,67.7,12201,25.21,"{""Exti_pin_level"": ""No activity"", ""Work_mode"": ""PIR Sensor"", ""field1"": 3.084, ""field2"": 3, ""field3"": 67.7, ""field4"": 12201, ""field5"": 25.21}"
2025-09-20T05:52:48.036132,3.084,67.7,12201,25.21,"{""Exti_pin_level"": ""No activity"", ""Work_mode"": ""PIR Sensor"", ""field1"": 3.084, ""field2"": 3, ""field3"": 67.7, ""field4"": 12201, ""field5"": 25.21}"
2025-09-20T05:52:55.059173,3.084,67.7,12202,25.2,"{""Exti_pin_level"": ""Activity"", ""Work_mode"": ""PIR Sensor"", ""field1"": 3.084, ""field2"": 3, ""field3"": 67.7, ""field4"": 12202, ""field5"": 25.2}"
2025-09-20T05:52:55.059173,3.084,67.7,12202,25.2,"{""Exti_pin_level"": ""Activity"", ""Work_mode"": ""PIR Sensor"", ""field1"": 3.084, ""field2"": 3, ""field3"": 67.7, ""field4"": 12202, ""field5"": 25.2}"
2025-09-20T05:58:54.194677,3.083,67.8,12204,25.27,"{""Exti_pin_level"": ""Activity"", ""Work_mode"": ""PIR Sensor"", ""field1"": 3.083, ""field2"": 3, ""field3"": 67.8, ""field4"": 12204, ""field5"": 25.27}"
2025-09-20T05:58:54.194690,3.083,67.8,12204,25.27,"{""Exti_pin_level"": ""Activity"", ""Work_mode"": ""PIR Sensor"", ""field1"": 3.083, ""field2"": 3, ""field3"": 67.8, ""field4"": 12204, ""field5"": 25.27}"
2025-09-20T06:05:08.252644,3.083,68.2,12205,25.31,"{""Exti_pin_level"": ""Activity"", ""Work_mode"": ""PIR Sensor"", ""field1"": 3.083, ""field2"": 3, ""field3"": 68.2, ""field4"": 12205, ""field5"": 25.31}"
2025-09-20T06:05:08.252649,3.083,68.2,12205,25.31,"{""Exti_pin_level"": ""Activity"", ""Work_mode"": ""PIR Sensor"", ""field1"": 3.083, ""field2"": 3, ""field3"": 68.2, ""field4"": 12205, ""field5"": 25.31}"
2025-09-20T06:09:27.753829,3.084,68.5,12212,25.31,"{""Exti_pin_level"": ""Activity"", ""Work_mode"": ""PIR Sensor"", ""field1"": 3.084, ""field2"": 3, ""field3"": 68.5, ""field4"": 12212, ""field5"": 25.31}"
2025-09-20T06:09:27.753711,3.084,68.5,12212,25.31,"{""Exti_pin_level"": ""Activity"", ""Work_mode"": ""PIR Sensor"", ""field1"": 3.084, ""field2"": 3, ""field3"": 68.5, ""field4"": 12212, ""field5"": 25.31}"
2025-09-20T06:11:39.263377,3.084,68.5,12222,25.31,"{""Exti_pin_level"": ""Activity"", ""Work_mode"": ""PIR Sensor"", ""field1"": 3.084, ""field2"": 3, ""field3"": 68.5, ""field4"": 12222, ""field5"": 25.31}"
2025-09-20T06:11:39.263366,3.084,68.5,12222,25.31,"{""Exti_pin_level"": ""Activity"", ""Work_mode"": ""PIR Sensor"", ""field1"": 3.084, ""field2"": 3, ""field3"": 68.5, ""field4"": 12222, ""field5"": 25.31}"
2025-09-20T06:14:06.073658,3.086,68.5,12224,25.33,"{""Exti_pin_level"": ""Activity"", ""Work_mode"": ""PIR Sensor"", ""field1"": 3.086, ""field2"": 3, ""field3"": 68.5, ""field4"": 12224, ""field5"": 25.33}"
2025-09-20T06:14:06.073660,3.086,68.5,12224,25.33,"{""Exti_pin_level"": ""Activity"", ""Work_mode"": ""PIR Sensor"", ""field1"": 3.086, ""field2"": 3, ""field3"": 68.5, ""field4"": 12224, ""field5"": 25.33}"
2025-09-20T06:22:47.429162,3.085,68.6,12229,25.37,"{""Exti_pin_level"": ""No activity"", ""Work_mode"": ""PIR Sensor"", ""field1"": 3.085, ""field2"": 3, ""field3"": 68.6, ""field4"": 12229, ""field5"": 25.37}"
2025-09-20T06:22:47.429144,3.085,68.6,12229,25.37,"{""Exti_pin_level"": ""No activity"", ""Work_mode"": ""PIR Sensor"", ""field1"": 3.085, ""field2"": 3, ""field3"": 68.6, ""field4"": 12229, ""field5"": 25.37}"
2025-09-20T06:24:17.261349,3.084,68.6,12230,25.37,"{""Exti_pin_level"": ""Activity"", ""Work_mode"": ""PIR Sensor"", ""field1"": 3.084, ""field2"": 3, ""field3"": 68.6, ""field4"": 12230, ""field5"": 25.37}"
2025-09-20T06:24:17.261355,3.084,68.6,12230,25.37,"{""Exti_pin_level"": ""Activity"", ""Work_mode"": ""PIR Sensor"", ""field1"": 3.084, ""field2"": 3, ""field3"": 68.6, ""field4"": 12230, ""field5"": 25.37}"
2025-09-20T06:32:00.416832,3.083,68.2,12232,25.38,"{""Exti_pin_level"": ""Activity"", ""Work_mode"": ""PIR Sensor"", ""field1"": 3.083, ""field2"": 3, ""field3"": 68.2, ""field4"": 12232, ""field5"": 25.38}"
2025-09-20T06:32:00.416845,3.083,68.2,12232,25.38,"{""Exti_pin_level"": ""Activity"", ""Work_mode"": ""PIR Sensor"", ""field1"": 3.083, ""field2"": 3, ""field3"": 68.2, ""field4"": 12232, ""field5"": 25.38}"
2025-09-20T06:41:51.945501,3.084,68.8,12235,25.44,"{""Exti_pin_level"": ""Activity"", ""Work_mode"": ""PIR Sensor"", ""field1"": 3.084, ""field2"": 3, ""field3"": 68.8, ""field4"": 12235, ""field5"": 25.44}"
2025-09-20T06:41:51.945500,3.084,68.8,12235,25.44,"{""Exti_pin_level"": ""Activity"", ""Work_mode"": ""PIR Sensor"", ""field1"": 3.084, ""field2"": 3, ""field3"": 68.8, ""field4"": 12235, ""field5"": 25.44}"
2025-09-20T06:52:46.811262,3.083,69.1,12241,25.52,"{""Exti_pin_level"": ""No activity"", ""Work_mode"": ""PIR Sensor"", ""field1"": 3.083, ""field2"": 3, ""field3"": 69.1, ""field4"": 12241, ""field5"": 25.52}"
2025-09-20T06:52:46.811255,3.083,69.1,12241,25.52,"{""Exti_pin_level"": ""No activity"", ""Work_mode"": ""PIR Sensor"", ""field1"": 3.083, ""field2"": 3, ""field3"": 69.1, ""field4"": 12241, ""field5"": 25.52}"
